mode,wait_s,request_utc,after_request_s,after_previous_image_s,driver_done_after_request_s,first_countdown_after_request_s,first_countdown_left_s,date_obs_minus_request_s
bare,0.0,20:31:03.801,2.377,2.496,2.336,0.001,2.500,-0.000
bare,0.0,20:31:06.298,2.785,2.905,2.752,0.001,2.500,-0.000
bare,0.0,20:31:09.191,2.390,2.498,2.358,0.002,2.500,0.001
bare,0.0,20:31:11.691,2.791,2.901,2.753,0.001,2.500,-0.000
bare,0.0,20:31:14.593,2.389,2.500,2.351,0.001,2.500,-0.000
bare,0.0,20:31:17.096,2.786,2.900,2.751,0.001,2.500,-0.000
bare,0.0,20:31:20.000,2.384,2.503,2.347,0.001,3.000,0.000
bare,0.0,20:31:22.492,2.784,2.891,2.751,0.001,2.500,-0.000
bare,0.3,20:31:25.637,2.144,2.506,2.113,0.002,2.500,0.000
bare,0.3,20:31:28.140,2.786,3.144,2.752,0.001,2.500,0.000
bare,0.3,20:31:31.294,2.151,2.519,2.114,0.001,2.500,0.001
bare,0.3,20:31:33.814,2.789,3.158,2.753,0.001,3.000,-0.000
bare,0.3,20:31:36.961,2.145,2.503,2.113,0.001,2.500,0.001
bare,0.3,20:31:39.487,2.789,3.170,2.752,0.001,2.500,0.001
bare,0.3,20:31:42.641,2.147,2.512,2.113,0.002,2.500,0.001
bare,0.3,20:31:45.157,2.783,3.153,2.745,0.002,2.500,0.001
bare,0.6,20:31:48.637,1.852,2.549,1.813,0.001,2.500,0.000
bare,0.6,20:31:51.148,2.788,3.446,2.754,0.002,2.500,0.001
bare,0.6,20:31:54.603,1.846,2.513,1.813,0.002,2.500,0.001
bare,0.6,20:31:57.113,2.777,3.441,2.747,0.002,2.500,0.001
bare,0.6,20:32:00.587,1.853,2.549,1.812,0.001,2.500,0.001
bare,0.6,20:32:03.107,2.781,3.448,2.747,0.002,2.500,0.000
bare,0.6,20:32:06.588,1.849,2.548,1.812,0.002,2.500,0.001
bare,0.6,20:32:09.104,2.798,3.466,2.751,0.001,2.500,0.001
bare,1.0,20:32:12.989,1.549,2.636,1.512,0.002,2.500,0.001
bare,1.0,20:32:15.639,2.790,3.890,2.753,0.002,2.500,0.001
bare,1.0,20:32:19.538,1.550,2.659,1.513,0.001,2.500,0.001
bare,1.0,20:32:22.189,2.780,3.881,2.747,0.001,2.500,0.001
bare,1.0,20:32:26.039,1.547,2.617,1.512,0.002,2.500,0.001
bare,1.0,20:32:28.688,2.788,3.891,2.753,0.002,2.500,0.000
bare,1.0,20:32:32.537,1.545,2.606,1.512,0.002,2.500,0.001
bare,1.0,20:32:35.148,2.780,3.845,2.746,0.001,2.500,0.000
bare,2.0,20:32:40.003,0.551,2.627,0.512,0.002,2.500,0.000
bare,2.0,20:32:42.638,2.788,4.871,2.753,0.001,2.500,-0.000
bare,2.0,20:32:47.491,0.557,2.622,0.511,0.002,2.500,0.001
bare,2.0,20:32:50.142,2.781,4.876,2.752,0.001,2.500,0.001
bare,2.0,20:32:54.991,0.544,2.613,0.512,0.002,2.500,0.001
bare,2.0,20:32:57.638,2.779,4.881,2.751,0.001,2.500,-0.000
bare,2.0,20:33:02.490,0.552,2.625,0.512,0.001,2.500,0.000
bare,2.0,20:33:05.140,2.788,4.885,2.751,0.001,2.500,-0.000
pins,0.0,20:33:08.039,2.392,2.504,2.352,0.002,2.500,0.001
pins,0.0,20:33:10.496,2.785,2.850,2.752,0.002,2.500,0.001
pins,0.0,20:33:13.342,2.432,2.493,2.406,0.002,2.500,0.001
pins,0.0,20:33:15.838,2.790,2.854,2.753,0.002,2.500,0.002
pins,0.0,20:33:18.683,2.440,2.496,2.408,0.002,2.500,0.002
pins,0.0,20:33:21.233,2.785,2.894,2.749,0.002,2.500,0.001
pins,0.0,20:33:24.080,2.449,2.512,2.407,0.004,3.000,0.002
pins,0.0,20:33:26.638,2.787,2.896,2.753,0.002,3.000,0.001
pins,0.3,20:33:29.788,2.154,2.516,2.116,0.005,3.000,0.004
pins,0.3,20:33:32.308,2.791,3.158,2.756,0.004,2.500,0.003
pins,0.3,20:33:35.487,2.154,2.541,2.116,0.005,2.500,0.003
pins,0.3,20:33:38.005,2.789,3.153,2.754,0.005,2.500,0.003
pins,0.3,20:33:41.160,2.150,2.515,2.116,0.005,2.500,0.004
pins,0.3,20:33:43.672,2.790,3.153,2.756,0.005,2.500,0.003
pins,0.3,20:33:46.831,2.150,2.519,2.116,0.005,2.500,0.004
pins,0.3,20:33:49.387,2.793,3.199,2.757,0.005,3.000,0.004
pins,0.6,20:33:52.888,1.849,2.557,1.816,0.005,2.500,0.004
pins,0.6,20:33:55.404,2.785,3.452,2.755,0.005,2.500,0.003
pins,0.6,20:33:58.888,1.849,2.548,1.816,0.005,3.000,0.004
pins,0.6,20:34:01.437,2.776,3.476,2.749,0.005,2.500,0.004
pins,0.6,20:34:04.874,1.947,2.609,1.916,0.005,2.500,0.004
pins,0.6,20:34:07.482,2.790,3.450,2.757,0.005,3.000,0.004
pins,0.6,20:34:10.938,1.846,2.512,1.816,0.005,3.000,0.004
pins,0.6,20:34:13.487,2.787,3.491,2.757,0.005,2.500,0.003
pins,1.0,20:34:17.342,1.552,2.620,1.514,0.004,2.500,0.003
pins,1.0,20:34:19.959,2.794,3.859,2.756,0.005,3.000,0.004
pins,1.0,20:34:23.838,1.542,2.628,1.509,0.005,3.000,0.003
pins,1.0,20:34:26.447,2.792,3.858,2.757,0.005,3.000,0.004
pins,1.0,20:34:30.339,1.553,2.653,1.516,0.005,3.000,0.003
pins,1.0,20:34:32.963,2.773,3.844,2.749,0.005,2.500,0.004
pins,1.0,20:34:36.838,1.550,2.652,1.515,0.005,2.500,0.003
pins,1.0,20:34:39.487,2.790,3.889,2.755,0.005,2.500,0.003
pins,2.0,20:34:44.352,0.544,2.619,0.515,0.005,2.500,0.004
pins,2.0,20:34:46.989,2.790,4.883,2.756,0.005,2.500,0.004
pins,2.0,20:34:51.892,0.548,2.661,0.516,0.005,3.000,0.004
pins,2.0,20:34:54.538,2.783,4.881,2.750,0.005,2.500,0.003
pins,2.0,20:34:59.392,0.553,2.624,0.515,0.005,3.000,0.004
pins,2.0,20:35:02.039,2.789,4.884,2.755,0.005,3.000,0.004
pins,2.0,20:35:06.901,0.546,2.619,0.511,0.005,3.000,0.004
pins,2.0,20:35:09.538,2.794,4.885,2.755,0.005,2.500,0.004

summary (2.5 s exposures; 'early' = image sooner than exposure + 0.1 s after its request)
mode  wait  n  early  median after request  median after previous image  median first countdown left
bare   0.0  8     4                 2.59                         2.70                         2.50
bare   0.3  8     4                 2.47                         2.83                         2.50
bare   0.6  8     4                 2.32                         3.00                         2.50
bare   1.0  8     4                 2.16                         3.25                         2.50
bare   2.0  8     4                 1.67                         3.75                         2.50
pins   0.0  8     4                 2.62                         2.68                         2.50
pins   0.3  8     4                 2.47                         2.85                         2.50
pins   0.6  8     4                 2.36                         3.03                         2.50
pins   1.0  8     4                 2.16                         3.25                         2.75
pins   2.0  8     4                 1.67                         3.77                         2.75
